Workbook

Sheet 内地旅客
A1: 内地旅客录入说明
A2: 1、带*号项为必填项 2、18岁以下旅客需填报监护人信息 3、出生日期填写示例：2000-01-01 4、入住时间和登记时间填写示例：2022-08-08 01:01 5、请按照以下格式进行填报，不能增删填报项 6、填写旅客入住信息后，需拍摄或者扫描旅客的证件头像并保存到电脑 7、待系统恢复正常后导入数据，完善旅客入住信息，上传证件头像
A3: 内 地 旅 客 填 报 表
A4: 序号 | B4: 中文名* | C4: 证件类型* | D4: 证件号码* | E4: 性别* | F4: 出生日期* | G4: 常住地址* | H4: 代码(自动,无需手动填写) | I4: 民族* | J4: 入住时间* | K4: 房号* | L4: 联系电话* | M4: 登记人员* | N4: 登记时间* | O4: 监护人 | P4: 关系 | Q4: 监护人电话 | R4: 备注
E5: =IF(C5="身份证",IF(LEN(D5)=18,IF(MOD(MID(D5,17,1),2)=1,"男","女"),"-"),"-") -> - | F5: =IF(C5="身份证",IF(LEN(D5)=18,TEXT(MID(D5,7,8),"0-00-00"),""),"") | H5: =IF(#REF!="","",VLOOKUP(#REF!,行政区划!$A$1:$B$3639,2,0)) -> #REF! | N5: =IF(J5="","",IF(N5="",TEXT(NOW(),"yyyy-mm-dd hh:mm"),N5))
E6: =IF(C6="身份证",IF(LEN(D6)=18,IF(MOD(MID(D6,17,1),2)=1,"男","女"),"-"),"-") -> - | F6: =IF(C6="身份证",IF(LEN(D6)=18,TEXT(MID(D6,7,8),"0-00-00"),""),"") | H6: =IF(#REF!="","",VLOOKUP(#REF!,行政区划!$A$1:$B$3639,2,0)) -> #REF! | N6: =IF(J6="","",IF(N6="",TEXT(NOW(),"yyyy-mm-dd hh:mm"),N6))
E7: =IF(C7="身份证",IF(LEN(D7)=18,IF(MOD(MID(D7,17,1),2)=1,"男","女"),"-"),"-") -> - | F7: =IF(C7="身份证",IF(LEN(D7)=18,TEXT(MID(D7,7,8),"0-00-00"),""),"") | H7: =IF(#REF!="","",VLOOKUP(#REF!,行政区划!$A$1:$B$3639,2,0)) -> #REF! | N7: =IF(J7="","",IF(N7="",TEXT(NOW(),"yyyy-mm-dd hh:mm"),N7))
E8: =IF(C8="身份证",IF(LEN(D8)=18,IF(MOD(MID(D8,17,1),2)=1,"男","女"),"-"),"-") -> - | F8: =IF(C8="身份证",IF(LEN(D8)=18,TEXT(MID(D8,7,8),"0-00-00"),""),"") | H8: =IF(#REF!="","",VLOOKUP(#REF!,行政区划!$A$1:$B$3639,2,0)) -> #REF! | N8: =IF(J8="","",IF(N8="",TEXT(NOW(),"yyyy-mm-dd hh:mm"),N8))
E9: =IF(C9="身份证",IF(LEN(D9)=18,IF(MOD(MID(D9,17,1),2)=1,"男","女"),"-"),"-") -> - | F9: =IF(C9="身份证",IF(LEN(D9)=18,TEXT(MID(D9,7,8),"0-00-00"),""),"") | H9: =IF(#REF!="","",VLOOKUP(#REF!,行政区划!$A$1:$B$3639,2,0)) -> #REF! | N9: =IF(J9="","",IF(N9="",TEXT(NOW(),"yyyy-mm-dd hh:mm"),N9))
E10: =IF(C10="身份证",IF(LEN(D10)=18,IF(MOD(MID(D10,17,1),2)=1,"男","女"),"-"),"-") -> - | F10: =IF(C10="身份证",IF(LEN(D10)=18,TEXT(MID(D10,7,8),"0-00-00"),""),"") | H10: =IF(#REF!="","",VLOOKUP(#REF!,行政区划!$A$1:$B$3639,2,0)) -> #REF! | N10: =IF(J10="","",IF(N10="",TEXT(NOW(),"yyyy-mm-dd hh:mm"),N10))
E11: =IF(C11="身份证",IF(LEN(D11)=18,IF(MOD(MID(D11,17,1),2)=1,"男","女"),"-"),"-") -> - | F11: =IF(C11="身份证",IF(LEN(D11)=18,TEXT(MID(D11,7,8),"0-00-00"),""),"") | H11: =IF(#REF!="","",VLOOKUP(#REF!,行政区划!$A$1:$B$3639,2,0)) -> #REF! | N11: =IF(J11="","",IF(N11="",TEXT(NOW(),"yyyy-mm-dd hh:mm"),N11))
E12: =IF(C12="身份证",IF(LEN(D12)=18,IF(MOD(MID(D12,17,1),2)=1,"男","女"),"-"),"-") -> - | F12: =IF(C12="身份证",IF(LEN(D12)=18,TEXT(MID(D12,7,8),"0-00-00"),""),"") | H12: =IF(#REF!="","",VLOOKUP(#REF!,行政区划!$A$1:$B$3639,2,0)) -> #REF! | N12: =IF(J12="","",IF(N12="",TEXT(NOW(),"yyyy-mm-dd hh:mm"),N12))
E13: =IF(C13="身份证",IF(LEN(D13)=18,IF(MOD(MID(D13,17,1),2)=1,"男","女"),"-"),"-") -> - | F13: =IF(C13="身份证",IF(LEN(D13)=18,TEXT(MID(D13,7,8),"0-00-00"),""),"") | H13: =IF(#REF!="","",VLOOKUP(#REF!,行政区划!$A$1:$B$3639,2,0)) -> #REF! | N13: =IF(J13="","",IF(N13="",TEXT(NOW(),"yyyy-mm-dd hh:mm"),N13))
E14: =IF(C14="身份证",IF(LEN(D14)=18,IF(MOD(MID(D14,17,1),2)=1,"男","女"),"-"),"-") -> - | F14: =IF(C14="身份证",IF(LEN(D14)=18,TEXT(MID(D14,7,8),"0-00-00"),""),"") | H14: =IF(#REF!="","",VLOOKUP(#REF!,行政区划!$A$1:$B$3639,2,0)) -> #REF! | N14: =IF(J14="","",IF(N14="",TEXT(NOW(),"yyyy-mm-dd hh:mm"),N14))
E15: =IF(C15="身份证",IF(LEN(D15)=18,IF(MOD(MID(D15,17,1),2)=1,"男","女"),"-"),"-") -> - | F15: =IF(C15="身份证",IF(LEN(D15)=18,TEXT(MID(D15,7,8),"0-00-00"),""),"") | H15: =IF(#REF!="","",VLOOKUP(#REF!,行政区划!$A$1:$B$3639,2,0)) -> #REF! | N15: =IF(J15="","",IF(N15="",TEXT(NOW(),"yyyy-mm-dd hh:mm"),N15))
E16: =IF(C16="身份证",IF(LEN(D16)=18,IF(MOD(MID(D16,17,1),2)=1,"男","女"),"-"),"-") -> - | F16: =IF(C16="身份证",IF(LEN(D16)=18,TEXT(MID(D16,7,8),"0-00-00"),""),"") | H16: =IF(#REF!="","",VLOOKUP(#REF!,行政区划!$A$1:$B$3639,2,0)) -> #REF! | N16: =IF(J16="","",IF(N16="",TEXT(NOW(),"yyyy-mm-dd hh:mm"),N16))
... E2009: =IF(C2009="身份证",IF(LEN(D2009)=18,IF(MOD(MID(D2009,17,1),2)=1,"男","女"),"-"),"-") -> - | F2009: =IF(C2009="身份证",IF(LEN(D2009)=18,TEXT(MID(D2009,7,8),"0-00-00"),""),"") | H2009: =IF(#REF!="","",VLOOKUP(#REF!,行政区划!$A$1:$B$3639,2,0)) -> #REF! | N2009: =IF(J2009="","",IF(N2009="",TEXT(NOW(),"yyyy-mm-dd hh:mm"),N2009))
H2010: =IF(#REF!="","",VLOOKUP(#REF!,行政区划!$A$1:$B$3639,2,0)) -> #REF!
H2011: =IF(#REF!="","",VLOOKUP(#REF!,行政区划!$A$1:$B$3639,2,0)) -> #REF!
H2012: =IF(#REF!="","",VLOOKUP(#REF!,行政区划!$A$1:$B$3639,2,0)) -> #REF!
H2013: =IF(#REF!="","",VLOOKUP(#REF!,行政区划!$A$1:$B$3639,2,0)) -> #REF!
H2014: =IF(#REF!="","",VLOOKUP(#REF!,行政区划!$A$1:$B$3639,2,0)) -> #REF!
H2015: =IF(#REF!="","",VLOOKUP(#REF!,行政区划!$A$1:$B$3639,2,0)) -> #REF!
H2016: =IF(#REF!="","",VLOOKUP(#REF!,行政区划!$A$1:$B$3639,2,0)) -> #REF!
H2017: =IF(#REF!="","",VLOOKUP(#REF!,行政区划!$A$1:$B$3639,2,0)) -> #REF!
H2018: =IF(#REF!="","",VLOOKUP(#REF!,行政区划!$A$1:$B$3639,2,0)) -> #REF!
H2019: =IF(#REF!="","",VLOOKUP(#REF!,行政区划!$A$1:$B$3639,2,0)) -> #REF!
H2020: =IF(#REF!="","",VLOOKUP(#REF!,行政区划!$A$1:$B$3639,2,0)) -> #REF!
H2021: =IF(#REF!="","",VLOOKUP(#REF!,行政区划!$A$1:$B$3639,2,0)) -> #REF!
... H2025: =IF(#REF!="","",VLOOKUP(#REF!,行政区划!$A$1:$B$3639,2,0)) -> #REF!

Sheet 港澳台旅客
A1: 港澳台旅客录入说明
A2: 1、带*号项为必填项 2、18岁以下旅客需填报监护人信息 3、出生日期填写示例：2000-01-01 4、入住时间和登记时间填写示例：2022-08-08 01:01 5、请按照以下格式进行填报，不能增删填报项 6、填写旅客入住信息后，需拍摄或者扫描旅客的证件头像并保存到电脑 7、待系统恢复正常后导入数据，完善旅客入住信息，上传证件头像
A3: 港 澳 台 旅 客 填 报 表
A4: 序号 | B4: 中文名* | C4: 英文姓 | D4: 英文名 | E4: 证件类型* | F4: 证件号码* | G4: 性别* | H4: 出生日期* | I4: 地区* | J4: 入住时间* | K4: 房号* | L4: 联系电话* | M4: 登记人员* | N4: 登记时间* | O4: 监护人 | P4: 关系 | Q4: 监护人电话 | R4: 备注
N5: =IF(J5="","",IF(N5="",TEXT(NOW(),"yyyy-mm-dd hh:mm"),N5))
N6: =IF(J6="","",IF(N6="",TEXT(NOW(),"yyyy-mm-dd hh:mm"),N6))
N7: =IF(J7="","",IF(N7="",TEXT(NOW(),"yyyy-mm-dd hh:mm"),N7))
N8: =IF(J8="","",IF(N8="",TEXT(NOW(),"yyyy-mm-dd hh:mm"),N8))
N9: =IF(J9="","",IF(N9="",TEXT(NOW(),"yyyy-mm-dd hh:mm"),N9))
N10: =IF(J10="","",IF(N10="",TEXT(NOW(),"yyyy-mm-dd hh:mm"),N10))
N11: =IF(J11="","",IF(N11="",TEXT(NOW(),"yyyy-mm-dd hh:mm"),N11))
N12: =IF(J12="","",IF(N12="",TEXT(NOW(),"yyyy-mm-dd hh:mm"),N12))
N13: =IF(J13="","",IF(N13="",TEXT(NOW(),"yyyy-mm-dd hh:mm"),N13))
N14: =IF(J14="","",IF(N14="",TEXT(NOW(),"yyyy-mm-dd hh:mm"),N14))
N15: =IF(J15="","",IF(N15="",TEXT(NOW(),"yyyy-mm-dd hh:mm"),N15))
N16: =IF(J16="","",IF(N16="",TEXT(NOW(),"yyyy-mm-dd hh:mm"),N16))
... N6926: =IF(J6926="","",IF(N6926="",TEXT(NOW(),"yyyy-mm-dd hh:mm"),N6926))

Sheet 国外旅客
A1: 国外旅客录入说明
A2: 1、带*号项为必填项 2、18岁以下旅客需填报监护人信息 3、出生日期填写示例：2000-01-01 4、入住时间和登记时间填写示例：2022-08-08 01:01 5、请按照以下格式进行填报，不能增删填报项 6、填写旅客入住信息后，需拍摄或者扫描旅客的证件头像并保存到电脑 7、待系统恢复正常后导入数据，完善旅客入住信息，上传证件头像
A3: 国 外 旅 客 填 报 表
A4: 序号 | B4: 英文姓* | C4: 英文名* | D4: 证件类型* | E4: 证件号码* | F4: 性别* | G4: 出生日期* | H4: 国籍/地区* | I4: 入住时间* | J4: 房号* | K4: 联系电话* | L4: 登记人员* | M4: 登记时间* | N4: 监护人 | O4: 关系 | P4: 监护人电话 | Q4: 备注
M5: =IF(I5="","",IF(M5="",TEXT(NOW(),"yyyy-mm-dd hh:mm"),M5))
M6: =IF(I6="","",IF(M6="",TEXT(NOW(),"yyyy-mm-dd hh:mm"),M6))
M7: =IF(I7="","",IF(M7="",TEXT(NOW(),"yyyy-mm-dd hh:mm"),M7))
M8: =IF(I8="","",IF(M8="",TEXT(NOW(),"yyyy-mm-dd hh:mm"),M8))
M9: =IF(I9="","",IF(M9="",TEXT(NOW(),"yyyy-mm-dd hh:mm"),M9))
M10: =IF(I10="","",IF(M10="",TEXT(NOW(),"yyyy-mm-dd hh:mm"),M10))
M11: =IF(I11="","",IF(M11="",TEXT(NOW(),"yyyy-mm-dd hh:mm"),M11))
M12: =IF(I12="","",IF(M12="",TEXT(NOW(),"yyyy-mm-dd hh:mm"),M12))
M13: =IF(I13="","",IF(M13="",TEXT(NOW(),"yyyy-mm-dd hh:mm"),M13))
M14: =IF(I14="","",IF(M14="",TEXT(NOW(),"yyyy-mm-dd hh:mm"),M14))
M15: =IF(I15="","",IF(M15="",TEXT(NOW(),"yyyy-mm-dd hh:mm"),M15))
M16: =IF(I16="","",IF(M16="",TEXT(NOW(),"yyyy-mm-dd hh:mm"),M16))
... M2222: =IF(I2222="","",IF(M2222="",TEXT(NOW(),"yyyy-mm-dd hh:mm"),M2222))

Sheet 行政区划
A1: 北京市 | B1: 110000 | C1: 阿鲁巴 | D1: 香港 | E1: 中国
A2: 北京市市辖区 | B2: 110100 | C2: 阿富汗 | D2: 澳门
A3: 北京市东城区 | B3: 110101 | C3: 安哥拉 | D3: 台湾
A4: 北京市西城区 | B4: 110102 | C4: 安圭拉
A5: 北京市崇文区 | B5: 110103 | C5: 奥兰群岛
A6: 北京市宣武区 | B6: 110104 | C6: 阿尔巴尼亚
A7: 北京市朝阳区 | B7: 110105 | C7: 安道尔
A8: 北京市丰台区 | B8: 110106 | C8: 荷属安的列斯
A9: 北京市石景山区 | B9: 110107 | C9: 阿联酋
A10: 北京市海淀区 | B10: 110108 | C10: 阿根廷
A11: 北京市门头沟区 | B11: 110109 | C11: 亚美尼亚
A12: 北京市房山区 | B12: 110111 | C12: 美属萨摩亚
A13: 北京市通州区 | B13: 110112 | C13: 南极洲
A14: 北京市顺义区 | B14: 110113 | C14: 法属南部领地
A15: 北京市昌平区 | B15: 110114 | C15: 安提瓜和巴布达
... A237: 河北省衡水市深州市 | B237: 131182 | C237: 津巴布韦
A238: 山西省 | B238: 140000
A239: 山西省太原市 | B239: 140100
A240: 山西省太原市市辖区 | B240: 140101
A241: 山西省太原市小店区 | B241: 140105
A242: 山西省太原市迎泽区 | B242: 140106
A243: 山西省太原市杏花岭区 | B243: 140107
A244: 山西省太原市尖草坪区 | B244: 140108
A245: 山西省太原市万柏林区 | B245: 140109
A246: 山西省太原市晋源区 | B246: 140110
A247: 山西省太原市清徐县 | B247: 140121
A248: 山西省太原市阳曲县 | B248: 140122
A249: 山西省太原市娄烦县 | B249: 140123
... A3639: 澳门特别行政区 | B3639: 820000

Sheet 证件类型
A1: 身份证 | B1: 港澳居民来往内地通行证 | C1: 普通护照
A2: 国内护照 | B2: 台湾居民来往大陆通行证 | C2: 外国人永久居留证
A3: 港澳通行证 | B3: 其他 | C3: 其他
A4: 港澳台居民居住证
A5: 居住证
A6: 驾照
A7: 临时身份证明
A8: 户口本
A9: 军官证
A10: 警官证
A11: 士兵证
A12: 其他
